[
  {
    "name": "深蹲",
    "target_muscles": ["股四头肌", "臀大肌", "腿后侧肌群"],
    "equipment": "杠铃",
    "difficulty": "3",
    "description": "双脚与肩同宽，背部挺直，屈膝下蹲至大腿与地面平行，然后起身。"
  },
  {
    "name": "俯卧撑",
    "target_muscles": ["胸大肌", "三角肌前束", "肱三头肌"],
    "equipment": "无",
    "difficulty": "2",
    "description": "身体呈一条直线，屈臂向下至胸部接近地面，再伸臂返回。"
  },
  {
    "name": "硬拉",
    "target_muscles": ["臀大肌", "腿后侧肌群", "下背部"],
    "equipment": "杠铃",
    "difficulty": "4",
    "description": "保持背部中立，双脚站在杠铃下方，抓握后站立拉起杠铃。"
  },
  {
    "name": "引体向上",
    "target_muscles": ["背阔肌", "肱二头肌", "肩胛稳定肌群"],
    "equipment": "单杠",
    "difficulty": "5",
    "description": "手握单杠，身体悬空，拉起至下巴过杠，再缓慢下降。"
  },
  {
    "name": "卷腹",
    "target_muscles": ["腹直肌"],
    "equipment": "无",
    "difficulty": "1",
    "description": "仰卧，双腿屈膝，收缩腹部卷起上半身，然后慢慢放下。"
  },
  {
    "name": "哑铃肩推",
    "target_muscles": ["三角肌", "肱三头肌"],
    "equipment": "哑铃",
    "difficulty": "3",
    "description": "坐姿或站姿，双手持哑铃从肩部推举至头顶上方再慢慢下降。"
  },
  {
    "name": "哑铃弯举",
    "target_muscles": ["肱二头肌"],
    "equipment": "哑铃",
    "difficulty": "2",
    "description": "站立或坐姿，双手持哑铃进行肘关节屈伸，锻炼肱二头肌。"
  },
  {
    "name": "杠铃卧推",
    "target_muscles": ["胸大肌", "三角肌", "肱三头肌"],
    "equipment": "杠铃",
    "difficulty": "3",
    "description": "躺在卧推凳上，将杠铃从胸部下推至完全伸展，主要锻炼胸部。"
  },
  {
    "name": "深蹲",
    "target_muscles": ["股四头肌", "臀大肌", "腘绳肌"],
    "equipment": "杠铃",
    "difficulty": "4",
    "description": "背负杠铃下蹲至大腿与地面平行，再站起，增强下肢力量。"
  },
  {
    "name": "硬拉",
    "target_muscles": ["背部", "臀部", "大腿后侧"],
    "equipment": "杠铃",
    "difficulty": "5",
    "description": "从地面拉起杠铃至站立姿势，强化背部和下肢肌群。"
  },
  {
    "name": "俯卧撑",
    "target_muscles": ["胸大肌", "三角肌", "肱三头肌"],
    "equipment": "无需器材",
    "difficulty": "2",
    "description": "双手支撑地面，身体挺直，弯曲肘部下降后推起，锻炼上肢力量。"
  },
  {
    "name": "引体向上",
    "target_muscles": ["背阔肌", "肱二头肌"],
    "equipment": "单杠",
    "difficulty": "4",
    "description": "双手正握单杠，将身体拉至下巴高于杠面，加强背部力量。"
  },
  {
    "name": "俄罗斯转体",
    "target_muscles": ["腹外斜肌", "腹内斜肌"],
    "equipment": "哑铃/药球",
    "difficulty": "3",
    "description": "坐姿，双脚离地，左右旋转上身锻炼腹部核心。"
  },
  {
    "name": "坐姿腿屈伸",
    "target_muscles": ["股四头肌"],
    "equipment": "腿屈伸机",
    "difficulty": "2",
    "description": "坐在器械上，将腿伸直后缓慢放回，锻炼大腿前侧。"
  },
  {
    "name": "俯身哑铃飞鸟",
    "target_muscles": ["三角肌后束", "斜方肌"],
    "equipment": "哑铃",
    "difficulty": "3",
    "description": "俯身姿势，两臂侧平举，集中锻炼肩部后侧。"
  },
  {
    "name": "山羊挺身",
    "target_muscles": ["下背部", "臀部"],
    "equipment": "山羊凳",
    "difficulty": "2",
    "description": "俯卧在山羊凳上，屈伸腰部，锻炼下背肌群。"
  },
  {
    "name": "侧平举",
    "target_muscles": ["三角肌中束"],
    "equipment": "哑铃",
    "difficulty": "2",
    "description": "站姿或坐姿，双臂侧平举至肩部高度，锻炼肩部线条。"
  },
  {
    "name": "平板支撑",
    "target_muscles": ["核心", "腹部", "下背部"],
    "equipment": "无需器材",
    "difficulty": "2",
    "description": "保持俯卧撑姿势不动，锻炼全身核心稳定性。"
  },
  {
    "name": "登山跑",
    "target_muscles": ["核心", "腿部", "心肺"],
    "equipment": "无需器材",
    "difficulty": "3",
    "description": "俯身支撑，交替快速抬膝，提升心率和核心力量。"
  },
  {
    "name": "负重深蹲",
    "target_muscles": ["股四头肌", "臀大肌"],
    "equipment": "壶铃/杠铃",
    "difficulty": "3",
    "description": "手持重物下蹲锻炼下肢力量和稳定性。"
  },
  {
    "name": "哑铃肩推",
    "target_muscles": ["三角肌", "肱三头肌"],
    "equipment": "哑铃",
    "difficulty": "3",
    "description": "哑铃从肩膀推至头顶，增强肩部力量。"
  },
  {
    "name": "拉力器划船",
    "target_muscles": ["背阔肌", "肱二头肌"],
    "equipment": "拉力器",
    "difficulty": "2",
    "description": "坐姿用拉力器进行划船动作，加强背部肌肉。"
  },
  {
    "name": "提踵",
    "target_muscles": ["小腿三头肌"],
    "equipment": "哑铃/提踵器械",
    "difficulty": "1",
    "description": "脚跟抬高，训练小腿力量，可单脚或双脚进行。"
  },
  {
    "name": "壶铃摆动",
    "target_muscles": ["臀部", "核心", "肩部"],
    "equipment": "壶铃",
    "difficulty": "3",
    "description": "双手握壶铃前后摆动，提升爆发力与稳定性。"
  },
  {
    "name": "波比跳",
    "target_muscles": ["全身", "心肺"],
    "equipment": "无需器材",
    "difficulty": "4",
    "description": "结合下蹲、俯卧撑、跳跃的有氧动作，燃脂高效。"
  }
]