[
  {
    "name": "有氧跑",
    "target_muscles": [
      "大腿",
      "小腿",
      "臀部"
    ],
    "equipment": "跑步机/户外",
    "difficulty": "低",
    "description": "保持稳定的跑步节奏，提高心肺功能和下肢耐力。"
  },
  {
    "name": "俯卧撑",
    "target_muscles": [
      "胸肌",
      "三头肌",
      "肩部"
    ],
    "equipment": "无",
    "difficulty": "中",
    "description": "双手撑地，与肩同宽，身体保持一条直线，下降并撑起身体。"
  },
  {
    "name": "负重深蹲",
    "target_muscles": [
      "大腿",
      "臀部",
      "腰部"
    ],
    "equipment": "杠铃",
    "difficulty": "高",
    "description": "肩负杠铃，双脚与肩同宽，下蹲至大腿与地面平行，然后站起。"
  },
  {
    "name": "俯身哑铃飞鸟",
    "target_muscles": [
      "背肌",
      "肩部"
    ],
    "equipment": "哑铃",
    "difficulty": "中",
    "description": "俯身约90度，双手持哑铃向两侧展开，感受背部收缩。"
  },
  {
    "name": "腿部拉伸",
    "target_muscles": [
      "大腿",
      "小腿",
      "臀部"
    ],
    "equipment": "无",
    "difficulty": "低",
    "description": "站立或坐姿，对大腿前侧、后侧和小腿进行静态拉伸。"
  },
  {
    "name": "哑铃肩推",
    "target_muscles": [
      "肩部",
      "三头肌"
    ],
    "equipment": "哑铃",
    "difficulty": "中",
    "description": "坐姿，双手持哑铃从肩部向上推起至手臂伸直。"
  },
  {
    "name": "哑铃弯举",
    "target_muscles": [
      "二头肌"
    ],
    "equipment": "哑铃",
    "difficulty": "低",
    "description": "站立或坐姿，双手持哑铃，上臂固定，弯曲肘部将哑铃举起。"
  },
  {
    "name": "杠铃卧推",
    "target_muscles": [
      "胸肌",
      "三头肌",
      "肩部"
    ],
    "equipment": "杠铃",
    "difficulty": "高",
    "description": "平躺在卧推凳上，双手握住杠铃，向上推起至手臂伸直。"
  },
  {
    "name": "臀桥",
    "target_muscles": [
      "臀部",
      "大腿"
    ],
    "equipment": "无",
    "difficulty": "低",
    "description": "仰卧，屈膝，双脚踩地，臀部抬起至身体呈一条直线。"
  },
  {
    "name": "坐姿腿屈伸",
    "target_muscles": [
      "大腿"
    ],
    "equipment": "腿屈伸机",
    "difficulty": "中",
    "description": "坐在腿屈伸机上，双脚勾住踏板，伸直膝关节。"
  },
  {
    "name": "骑单车",
    "target_muscles": [
      "大腿",
      "臀部",
      "小腿"
    ],
    "equipment": "动感单车",
    "difficulty": "中",
    "description": "模拟骑自行车的动作，可调节阻力进行有氧训练。"
  },
  {
    "name": "游泳",
    "target_muscles": [
      "背肌",
      "肩部",
      "胸肌",
      "手臂",
      "大腿"
    ],
    "equipment": "游泳池",
    "difficulty": "中",
    "description": "全身性运动，锻炼心肺功能和肌肉耐力。"
  },
  {
    "name": "侧平举",
    "target_muscles": [
      "肩部"
    ],
    "equipment": "哑铃",
    "difficulty": "低",
    "description": "站立，双手持哑铃向两侧平举至肩部高度。"
  },
  {
    "name": "平板支撑",
    "target_muscles": [
      "腹肌",
      "肩部",
      "手臂",
      "背部"
    ],
    "equipment": "无",
    "difficulty": "中",
    "description": "双肘和双脚支撑地面，保持身体呈一条直线，核心收紧。"
  },
  {
    "name": "侧腹拉伸",
    "target_muscles": [
      "腹肌",
      "腰部"
    ],
    "equipment": "无",
    "difficulty": "低",
    "description": "站立，向一侧弯曲身体，感受侧腹部的拉伸。"
  },
  {
    "name": "跳绳",
    "target_muscles": [
      "小腿",
      "肩部",
      "手臂"
    ],
    "equipment": "跳绳",
    "difficulty": "中",
    "description": "双脚跳跃，同时挥动跳绳，可调节速度和节奏。"
  },
  {
    "name": "拉力器划船",
    "target_muscles": [
      "背肌",
      "二头肌"
    ],
    "equipment": "拉力器",
    "difficulty": "中",
    "description": "双脚踩住拉力器，身体后倾，将把手拉向腹部。"
  },
  {
    "name": "提踵",
    "target_muscles": [
      "小腿"
    ],
    "equipment": "无",
    "difficulty": "低",
    "description": "站立，脚跟抬起，脚尖着地，然后缓慢放下。"
  },
  {
    "name": "壶铃摆动",
    "target_muscles": [
      "臀部",
      "大腿",
      "背部"
    ],
    "equipment": "壶铃",
    "difficulty": "中",
    "description": "双脚与肩同宽，双手握住壶铃，前后摆动。"
  },
  {
    "name": "仰卧起坐",
    "target_muscles": [
      "腹肌"
    ],
    "equipment": "无",
    "difficulty": "低",
    "description": "仰卧，屈膝，双手抱头，上半身抬起。"
  }
]